,사고번호,사고일시,요일,시군구,사고내용,사망자수,중상자수,경상자수,부상신고자수,사고유형,법규위반,노면상태,기상상태,도로형태,가해운전자 차종,가해운전자 성별,가해운전자 연령,가해운전자 상해정도,피해운전자 차종,피해운전자 성별,피해운전자 연령,피해운전자 상해정도,x,y
125,2016060400100441,2016년 6월 4일 16시,토요일,경기도 오산시 궐동,중상사고,0,2,2,0,차대차 - 정면충돌,기타,포장 - 건조,맑음,단일로 - 기타,승용,여,44세,상해없음,승용,여,62세,중상,205080.9745,406924.5322
126,2016060600100006,2016년 6월 6일 00시,월요일,경기도 오산시 오산동,경상사고,0,0,3,0,차대차 - 정면충돌,안전운전불이행,포장 - 건조,맑음,교차로 - 교차로부근,승용,남,35세,상해없음,승용,남,37세,경상,206071.1763,406201.4635
127,2016061400100174,2016년 6월 14일 10시,화요일,경기도 오산시 세교동,경상사고,0,0,1,0,차대사람 - 횡단중,보행자보호의무위반,포장 - 건조,맑음,교차로 - 교차로부근,승용,여,41세,상해없음,보행자,여,2세,경상,204707.7847,408640.24299999996
128,2016062100100422,2016년 6월 21일 17시,화요일,경기도 오산시 수청동,중상사고,0,1,3,0,차대차 - 측면직각충돌,신호위반,포장 - 건조,맑음,교차로 - 교차로안,농기계,남,76세,중상,승용,남,37세,경상,205851.2082,406558.4459
129,2016062100100501,2016년 6월 21일 19시,화요일,경기도 오산시 가수동,부상신고사고,0,0,0,1,차대사람 - 횡단중,보행자보호의무위반,포장 - 건조,맑음,단일로 - 기타,승용,여,54세,기타불명,보행자,남,7세,부상신고,204373.1069,405138.0976
130,2016062600100391,2016년 6월 26일 19시,일요일,경기도 오산시 원동,경상사고,0,0,2,0,차대차 - 기타,안전운전불이행,포장 - 건조,맑음,교차로 - 교차로부근,승용,여,52세,상해없음,승용,남,35세,경상,207554.3033,404580.6327
131,2016062700100133,2016년 6월 27일 09시,월요일,경기도 오산시 원동,중상사고,0,1,0,0,차대사람 - 횡단중,보행자보호의무위반,포장 - 건조,맑음,교차로 - 교차로부근,승용,여,52세,상해없음,보행자,여,4세,중상,206396.2431,404694.5786
132,2016062900100080,2016년 6월 29일 07시,수요일,경기도 오산시 고현동,경상사고,0,0,2,0,차대차 - 정면충돌,신호위반,포장 - 건조,맑음,교차로 - 교차로안,승용,여,50세,기타불명,승용,여,38세,경상,207605.7848,403733.5668
133,2016071500100612,2016년 7월 15일 21시,금요일,경기도 오산시 고현동,경상사고,0,0,2,0,차대차 - 정면충돌,안전운전불이행,포장 - 건조,맑음,교차로 - 교차로부근,승용,남,81세,기타불명,승용,여,41세,경상,207342.4967,403958.2697
134,2016072100100468,2016년 7월 21일 18시,목요일,경기도 오산시 원동,중상사고,0,1,0,0,차대차 - 측면직각충돌,안전운전불이행,포장 - 건조,맑음,기타 - 기타,승용,여,28세,상해없음,자전거,남,12세,중상,206238.6551,404414.6376
135,2016072800100534,2016년 7월 28일 21시,목요일,경기도 오산시 원동,중상사고,0,1,4,0,차대차 - 정면충돌,중앙선침범,포장 - 건조,맑음,단일로 - 기타,승용,남,34세,상해없음,승용,남,28세,경상,207506.3676,404944.525
136,2016080800100423,2016년 8월 8일 17시,월요일,경기도 오산시 갈곶동,중상사고,0,1,0,0,차대사람 - 횡단중,안전운전불이행,포장 - 건조,맑음,단일로 - 기타,승용,여,40세,상해없음,보행자,남,4세,중상,206003.3238,403890.1904
137,2016080800100454,2016년 8월 8일 18시,월요일,경기도 오산시 오산동,경상사고,0,0,1,0,차대차 - 정면충돌,안전운전불이행,포장 - 건조,맑음,교차로 - 교차로부근,승용,여,61세,상해없음,자전거,남,7세,경상,205800.7975,405493.7588
138,2016081100100257,2016년 8월 11일 13시,목요일,경기도 오산시 원동,경상사고,0,0,1,0,차대차 - 기타,과속,포장 - 건조,맑음,단일로 - 기타,승용,남,45세,상해없음,자전거,남,6세,경상,206396.0398,404353.4422
139,2016081300100522,2016년 8월 13일 19시,토요일,경기도 오산시 오산동,경상사고,0,0,1,0,차대사람 - 횡단중,보행자보호의무위반,포장 - 건조,맑음,교차로 - 교차로부근,승용,남,32세,상해없음,보행자,남,6세,경상,206734.3196,405654.7404
140,2016081400100357,2016년 8월 14일 18시,일요일,경기도 오산시 내삼미동,경상사고,0,0,4,0,차대차 - 정면충돌,신호위반,포장 - 건조,맑음,교차로 - 교차로안,이륜,남,18세,경상,화물,남,41세,경상,205975.7503,408172.7417
141,2016081500100374,2016년 8월 15일 19시,월요일,경기도 오산시 오산동,부상신고사고,0,0,0,1,차대사람 - 횡단중,신호위반,포장 - 건조,맑음,교차로 - 교차로부근,승용,남,22세,상해없음,보행자,남,5세,부상신고,205829.4497,405561.9367
142,2016082600100605,2016년 8월 26일 19시,금요일,경기도 오산시 오산동,경상사고,0,0,1,0,차대사람 - 횡단중,안전운전불이행,포장 - 건조,맑음,단일로 - 횡단보도상,승용,여,64세,상해없음,보행자,남,6세,경상,206618.883,405539.0863
143,2016091300100350,2016년 9월 13일 14시,화요일,경기도 오산시 수청동,중상사고,0,1,0,0,차대차 - 정면충돌,안전운전불이행,포장 - 건조,맑음,단일로 - 횡단보도상,승용,남,50세,상해없음,자전거,남,12세,중상,205764.8112,406817.0931
144,2016091400100251,2016년 9월 14일 13시,수요일,경기도 오산시 원동,경상사고,0,0,4,0,차대차 - 기타,안전운전불이행,포장 - 건조,맑음,단일로 - 기타,승용,남,30세,상해없음,승용,남,41세,경상,209496.8451,402345.9701
145,2016092500100288,2016년 9월 25일 15시,일요일,경기도 오산시 세교동,중상사고,0,1,0,0,차대사람 - 횡단중,안전운전불이행,포장 - 건조,맑음,단일로 - 기타,승용,여,42세,상해없음,보행자,여,5세,중상,204466.9402,408972.1043
146,2016092600100383,2016년 9월 26일 16시,월요일,경기도 오산시 내삼미동,중상사고,0,2,0,0,차대차 - 정면충돌,안전운전불이행,포장 - 건조,맑음,단일로 - 기타,건설기계,남,63세,상해없음,승용,여,31세,중상,205689.6992,408540.3795
147,2016092600100384,2016년 9월 26일 16시,월요일,경기도 오산시 원동,중상사고,0,1,1,0,차대차 - 정면충돌,신호위반,포장 - 건조,맑음,교차로 - 교차로안,승용,여,34세,상해없음,승합,남,53세,중상,206948.9657,404219.30100000004
148,2016100100100299,2016년 10월 1일 13시,토요일,경기도 오산시 세교동,중상사고,0,2,1,0,차대차 - 정면충돌,신호위반,포장 - 건조,흐림,교차로 - 교차로부근,승용,여,31세,경상,승용,여,32세,중상,203808.0272,410613.2771
149,2016100200100368,2016년 10월 2일 18시,일요일,경기도 오산시 원동,중상사고,0,2,6,0,차대차 - 정면충돌,신호위반,포장 - 습기,비,교차로 - 교차로안,화물,남,54세,상해없음,화물,남,66세,경상,206495.4094,404100.8654
150,2016100400100378,2016년 10월 4일 15시,화요일,경기도 오산시 오산동,중상사고,0,1,0,0,차대사람 - 횡단중,안전운전불이행,포장 - 건조,맑음,교차로 - 교차로부근,승합,여,37세,상해없음,보행자,여,8세,중상,206670.1743,406436.7128
151,2016100800100258,2016년 10월 8일 09시,토요일,경기도 오산시 수청동,경상사고,0,0,3,0,차대차 - 정면충돌,안전운전불이행,포장 - 건조,맑음,교차로 - 교차로부근,승합,남,62세,상해없음,승합,남,49세,상해없음,205786.7986,407390.436
152,2016101500100493,2016년 10월 15일 18시,토요일,경기도 오산시 세교동,경상사고,0,0,3,0,차대차 - 정면충돌,신호위반,포장 - 건조,맑음,단일로 - 기타,화물,남,55세,상해없음,승용,남,41세,경상,203825.6505,409168.8011
153,2016102100100620,2016년 10월 21일 20시,금요일,경기도 오산시 내삼미동,경상사고,0,0,5,0,차대차 - 정면충돌,안전운전불이행,포장 - 건조,맑음,단일로 - 기타,승용,남,27세,상해없음,승용,여,33세,경상,205110.3366,408755.4105
154,2016102600100419,2016년 10월 26일 16시,수요일,경기도 오산시 금암동,경상사고,0,0,1,0,차대차 - 기타,안전운전불이행,포장 - 건조,맑음,교차로 - 교차로안,승용,남,36세,상해없음,자전거,남,9세,경상,204134.1735,408713.2481
155,2016111400100432,2016년 11월 14일 17시,월요일,경기도 오산시 세교동,경상사고,0,0,1,0,차대차 - 정면충돌,신호위반,포장 - 습기,비,교차로 - 교차로안,승용,여,56세,상해없음,자전거,남,7세,경상,203641.6496,409344.9004
156,2016111600100357,2016년 11월 16일 14시,수요일,경기도 오산시 수청동,경상사고,0,0,2,0,차대차 - 정면충돌,교차로운행방법위반,포장 - 건조,맑음,교차로 - 교차로부근,건설기계,남,44세,상해없음,승용,남,39세,상해없음,206951.6547,406746.3189
157,2016111600100677,2016년 11월 16일 23시,수요일,경기도 오산시 원동,경상사고,0,0,2,0,차대차 - 기타,안전운전불이행,포장 - 건조,맑음,교차로 - 교차로안,화물,남,54세,상해없음,승용,여,42세,경상,206525.0061,404749.2785
158,2016111800100433,2016년 11월 18일 17시,금요일,경기도 오산시 내삼미동,경상사고,0,0,4,0,차대차 - 정면충돌,안전운전불이행,포장 - 습기,비,교차로 - 교차로부근,화물,남,48세,상해없음,승용,여,30세,경상,204808.4913,408513.7239
159,2016112600100189,2016년 11월 26일 11시,토요일,경기도 오산시 오산동,경상사고,0,0,2,0,차대차 - 정면충돌,안전운전불이행,포장 - 건조,맑음,단일로 - 기타,건설기계,남,55세,상해없음,승용,여,45세,경상,206364.7785,406299.0491
160,2016121300100286,2016년 12월 13일 14시,화요일,경기도 오산시 갈곶동,경상사고,0,0,1,0,차대사람 - 보도통행중,신호위반,포장 - 건조,맑음,단일로 - 기타,승용,여,45세,상해없음,보행자,남,9세,경상,206125.8474,403989.8751
161,2016122300100010,2016년 12월 23일 00시,금요일,경기도 오산시 내삼미동,경상사고,0,0,3,1,차대차 - 정면충돌,신호위반,포장 - 건조,맑음,교차로 - 교차로안,승용,여,55세,상해없음,승용,남,44세,경상,205083.1103,408796.2831
162,2016122500100313,2016년 12월 25일 18시,일요일,경기도 오산시 세교동,경상사고,0,0,8,0,차대차 - 측면직각충돌,안전운전불이행,포장 - 건조,맑음,단일로 - 기타,승용,남,27세,경상,승용,남,53세,경상,203798.0077,410616.2254
163,2016123100100425,2016년 12월 31일 18시,토요일,경기도 오산시 부산동,경상사고,0,0,4,0,차대차 - 측면직각충돌,교차로운행방법위반,포장 - 건조,맑음,교차로 - 교차로안,승용,남,38세,경상,승용,여,36세,경상,206902.6411,406175.834
0,2011012200100324,2011년 1월 22일 14시,토요일,경기도 오산시 오산동,중상사고,0,2,2,0,차대차 - 측면직각충돌,안전운전불이행,포장 - 건조,맑음,교차로 - 교차로부근,승용,여,25세,상해없음,승용,여,37세,중상,206783.3641,405649.9968
1,2011012300100475,2011년 1월 23일 22시,일요일,경기도 오산시 오산동,경상사고,0,0,4,0,차대차 - 기타,안전운전불이행,포장 - 결빙,눈,교차로 - 교차로부근,화물,남,29세,상해없음,승합,여,37세,경상,206114.586,404798.1361
2,2011012700100291,2011년 1월 27일 15시,목요일,경기도 오산시 궐동,중상사고,0,1,3,1,차대차 - 추돌 - 주정차중,안전운전불이행,포장 - 건조,맑음,교차로 - 교차로안,승용,남,45세,상해없음,승용,남,30세,중상,205742.10100000002,406380.8007
3,2011022000100185,2011년 2월 20일 11시,일요일,경기도 오산시 금암동,경상사고,0,0,1,0,차대사람 - 기타,보행자보호의무위반,포장 - 건조,맑음,단일로 - 횡단보도상,승용,남,34세,상해없음,보행자,남,5세,경상,204445.0718,408186.6792
4,2011031500100323,2011년 3월 15일 17시,화요일,경기도 오산시 누읍동,중상사고,0,1,0,0,차대사람 - 횡단중,신호위반,포장 - 건조,맑음,단일로 - 횡단보도상,승용,여,55세,상해없음,보행자,여,7세,중상,204253.0178,404766.3184
5,2011032600100461,2011년 3월 26일 18시,토요일,경기도 오산시 궐동,중상사고,0,1,0,0,차대사람 - 횡단중,안전운전불이행,포장 - 건조,맑음,단일로 - 기타,이륜,남,17세,상해없음,보행자,남,7세,중상,205501.8688,406596.6204
6,2011040100100376,2011년 4월 1일 17시,금요일,경기도 오산시 오산동,부상신고사고,0,0,0,1,차대차 - 측면직각충돌,신호위반,포장 - 건조,맑음,단일로 - 횡단보도상,승용,여,61세,상해없음,자전거,남,12세,부상신고,206646.1262,406064.4383
7,2011040400100282,2011년 4월 4일 15시,월요일,경기도 오산시 수청동,중상사고,0,1,0,0,차대사람 - 횡단중,보행자보호의무위반,포장 - 건조,맑음,단일로 - 기타,승용,남,56세,상해없음,보행자,남,7세,중상,205569.3212,407085.1691
8,2011040700100487,2011년 4월 7일 18시,목요일,경기도 오산시 벌음동,경상사고,0,0,4,0,차량단독 - 도로외이탈 - 추락,안전운전불이행,포장 - 습기,비,교차로 - 교차로부근,승용,남,47세,상해없음,,,,,203188.1889,404274.5165
9,2011040800100429,2011년 4월 8일 18시,금요일,경기도 오산시 금암동,중상사고,0,1,0,0,차대사람 - 횡단중,안전운전불이행,포장 - 건조,맑음,단일로 - 기타,승용,남,57세,상해없음,보행자,남,9세,중상,204049.7016,408606.7608
10,2011041200100314,2011년 4월 12일 15시,화요일,경기도 오산시 오산동,중상사고,0,1,0,0,차대사람 - 횡단중,보행자보호의무위반,포장 - 건조,맑음,단일로 - 횡단보도상,승용,남,20세,상해없음,보행자,남,10세,중상,206710.2289,406049.7702
11,2011041500100201,2011년 4월 15일 10시,금요일,경기도 오산시 수청동,중상사고,0,1,2,0,차대차 - 측면직각충돌,기타,포장 - 건조,맑음,교차로 - 교차로안,화물,남,55세,상해없음,승용,남,46세,경상,205223.7338,407929.6818
12,2011050100100389,2011년 5월 1일 17시,일요일,경기도 오산시 원동,경상사고,0,0,1,0,차대사람 - 횡단중,안전운전불이행,포장 - 건조,맑음,단일로 - 횡단보도상,원동기,남,40세,상해없음,보행자,여,8세,경상,206772.0081,405526.8881
13,2011051600100350,2011년 5월 16일 17시,월요일,경기도 오산시 오산동,중상사고,0,1,0,0,차대사람 - 횡단중,신호위반,포장 - 건조,맑음,단일로 - 횡단보도상,승합,남,59세,상해없음,보행자,남,10세,중상,206851.3126,406044.5115
14,2011051700100561,2011년 5월 17일 20시,화요일,경기도 오산시 오산동,경상사고,0,0,2,0,차대차 - 측면직각충돌,안전운전불이행,포장 - 건조,맑음,교차로 - 교차로안,화물,남,48세,상해없음,승용,여,37세,경상,206068.2332,406190.4436
15,2011052400100568,2011년 5월 24일 22시,화요일,경기도 오산시 청학동,중상사고,0,1,2,0,차대차 - 측면직각충돌,안전운전불이행,포장 - 건조,맑음,교차로 - 교차로부근,승용,남,45세,상해없음,승용,남,53세,경상,205455.6534,405685.0162
16,2011052500100314,2011년 5월 25일 16시,수요일,경기도 오산시 오산동,중상사고,0,1,0,0,차대차 - 기타,안전운전불이행,포장 - 건조,맑음,교차로 - 교차로부근,승합,남,46세,상해없음,자전거,남,12세,중상,206997.2198,406642.5177
17,2011060300100137,2011년 6월 3일 08시,금요일,경기도 오산시 원동,중상사고,0,1,6,0,차대사람 - 기타,안전운전불이행,포장 - 건조,맑음,단일로 - 횡단보도상,승합,남,57세,상해없음,보행자,남,41세,중상,206119.8083,403996.8461
18,2011060500100266,2011년 6월 5일 13시,일요일,경기도 오산시 금암동,경상사고,0,0,1,0,차대사람 - 횡단중,안전운전불이행,포장 - 건조,맑음,단일로 - 기타,승용,남,34세,상해없음,보행자,남,2세,경상,204074.9696,407988.6504
19,2011060600100139,2011년 6월 6일 10시,월요일,경기도 오산시 원동,경상사고,0,0,1,0,차대사람 - 횡단중,신호위반,포장 - 건조,맑음,단일로 - 횡단보도상,원동기,남,22세,상해없음,보행자,여,3세,경상,206080.6898,405535.2496
20,2011060800100300,2011년 6월 8일 15시,수요일,경기도 오산시 오산동,중상사고,0,1,0,0,차대사람 - 횡단중,보행자보호의무위반,포장 - 건조,맑음,단일로 - 기타,화물,남,51세,상해없음,보행자,남,12세,중상,206438.7214,406315.4452
21,2011061400100316,2011년 6월 14일 15시,화요일,경기도 오산시 오산동,경상사고,0,0,3,0,차대사람 - 기타,안전운전불이행,포장 - 건조,맑음,단일로 - 기타,승용,남,72세,상해없음,보행자,여,53세,경상,206135.6772,405731.6171
22,2011061500100129,2011년 6월 15일 08시,수요일,경기도 오산시 부산동,부상신고사고,0,0,0,1,차대차 - 기타,안전운전불이행,포장 - 건조,맑음,교차로 - 교차로안,기타불명,기타불명,기타불명,기타불명,자전거,남,12세,부상신고,207303.4529,404533.2927
23,2011061500100328,2011년 6월 15일 16시,수요일,경기도 오산시 오산동,중상사고,0,1,6,1,차대차 - 측면직각충돌,직진우회전진행방해,포장 - 건조,맑음,단일로 - 기타,승합,여,39세,상해없음,승합,남,59세,부상신고,205806.32,405584.8239
24,2011070800100540,2011년 7월 8일 21시,금요일,경기도 오산시 오산동,중상사고,0,2,2,0,차대차 - 정면충돌,신호위반,포장 - 습기,비,교차로 - 교차로안,승용,남,29세,상해없음,승용,남,38세,중상,206628.6995,405954.3028
25,2011071000100294,2011년 7월 10일 15시,일요일,경기도 오산시 원동,경상사고,0,0,4,0,차대차 - 추돌 - 진행중,안전운전불이행,포장 - 습기,비,교차로 - 교차로부근,승용,여,20세,상해없음,승용,남,31세,경상,206529.4415,405236.4951
26,2011071700100337,2011년 7월 17일 17시,일요일,경기도 오산시 갈곶동,중상사고,0,1,0,0,차대사람 - 횡단중,보행자보호의무위반,포장 - 건조,맑음,단일로 - 횡단보도상,승용,여,38세,상해없음,보행자,남,10세,중상,206138.2585,403722.8347
27,2011071900100333,2011년 7월 19일 14시,화요일,경기도 오산시 금암동,중상사고,0,1,1,0,차대차 - 추돌 - 주정차중,과속,포장 - 건조,맑음,기타 - 기타,승합,남,56세,상해없음,화물,남,45세,기타불명,204028.3672,408099.4485
28,2011072400100267,2011년 7월 24일 15시,일요일,경기도 오산시 오산동,중상사고,0,1,1,0,차대사람 - 횡단중,안전운전불이행,포장 - 건조,흐림,교차로 - 교차로부근,승용,남,53세,상해없음,보행자,남,3세,경상,206089.3597,405788.3956
29,2011072900100227,2011년 7월 29일 11시,금요일,경기도 오산시 오산동,중상사고,0,1,2,0,차대차 - 측면직각충돌,안전운전불이행,포장 - 건조,맑음,단일로 - 기타,승용,여,33세,상해없음,승용,남,36세,경상,206484.0122,406263.6633
30,2011081000100313,2011년 8월 10일 15시,수요일,경기도 오산시 금암동,중상사고,0,1,0,0,차대사람 - 횡단중,안전운전불이행,포장 - 건조,맑음,단일로 - 기타,승용,남,56세,상해없음,보행자,여,7세,중상,203967.8087,408580.3187
31,2011081200100401,2011년 8월 12일 16시,금요일,경기도 오산시 궐동,경상사고,0,0,1,0,차대사람 - 기타,안전운전불이행,포장 - 습기,비,교차로 - 교차로부근,기타불명,기타불명,기타불명,기타불명,보행자,남,6세,경상,204972.9243,406925.9634
32,2011082300100342,2011년 8월 23일 15시,화요일,경기도 오산시 세교동,경상사고,0,0,1,0,차대사람 - 횡단중,안전운전불이행,포장 - 건조,맑음,단일로 - 기타,화물,남,38세,상해없음,보행자,여,6세,경상,203587.5314,410121.9209
33,2011082600100008,2011년 8월 26일 00시,금요일,경기도 오산시 오산동,중상사고,0,1,12,0,차대차 - 추돌 - 진행중,안전운전불이행,포장 - 건조,맑음,단일로 - 횡단보도부근,화물,남,30세,중상,승용,남,37세,경상,206523.27300000002,404888.3245
34,2011082800100368,2011년 8월 28일 16시,일요일,경기도 오산시 오산동,경상사고,0,0,4,0,차대차 - 측면직각충돌,직진우회전진행방해,포장 - 건조,맑음,교차로 - 교차로부근,승용,여,35세,상해없음,승용,남,42세,경상,206012.24300000002,405614.9206
35,2011082900100446,2011년 8월 29일 17시,월요일,경기도 오산시 오산동,경상사고,0,0,1,0,차대사람 - 기타,안전운전불이행,포장 - 건조,맑음,단일로 - 기타,승용,기타불명,기타불명,기타불명,보행자,여,4세,경상,206031.4991,405377.9282
36,2011090300100152,2011년 9월 3일 08시,토요일,경기도 오산시 누읍동,중상사고,0,1,0,0,차대차 - 측면직각충돌,안전거리미확보,포장 - 건조,맑음,단일로 - 기타,승용,여,33세,상해없음,승합,남,43세,상해없음,204317.1836,404739.6459
37,2011090500100516,2011년 9월 5일 18시,월요일,경기도 오산시 궐동,중상사고,0,1,2,0,차대차 - 측면직각충돌,안전거리미확보,포장 - 건조,맑음,교차로 - 교차로부근,승용,남,54세,상해없음,승용,남,31세,상해없음,205118.8741,406756.6656
38,2011091400100459,2011년 9월 14일 19시,수요일,경기도 오산시 금암동,중상사고,0,2,0,0,차대사람 - 횡단중,안전운전불이행,포장 - 건조,맑음,교차로 - 교차로안,원동기,남,33세,중상,보행자,남,10세,중상,204501.2909,408339.0357
39,2011092000100417,2011년 9월 20일 19시,화요일,경기도 오산시 오산동,경상사고,0,0,1,0,차대사람 - 기타,안전운전불이행,포장 - 건조,맑음,단일로 - 기타,승용,여,43세,상해없음,보행자,남,11세,경상,205933.4999,405370.409
40,2011092300100228,2011년 9월 23일 11시,금요일,경기도 오산시 외삼미동,중상사고,0,1,5,0,차대차 - 측면직각충돌,신호위반,포장 - 건조,맑음,교차로 - 교차로안,승용,여,40세,상해없음,화물,남,54세,중상,205602.7455,410042.5156
41,2011093000100484,2011년 9월 30일 17시,금요일,경기도 오산시 오산동,경상사고,0,0,2,0,차대차 - 정면충돌,신호위반,포장 - 건조,맑음,교차로 - 교차로안,승용,남,31세,상해없음,승용,여,34세,경상,206628.6995,405954.3028
42,2011100300100453,2011년 10월 3일 19시,월요일,경기도 오산시 청학동,경상사고,0,0,3,0,차대차 - 측면직각충돌,안전운전불이행,포장 - 건조,맑음,교차로 - 교차로부근,승용,남,54세,상해없음,승용,여,49세,경상,205625.8925,406032.0504
43,2011100600100270,2011년 10월 6일 14시,목요일,경기도 오산시 부산동,중상사고,0,1,0,0,차대사람 - 기타,안전운전불이행,포장 - 건조,맑음,단일로 - 기타,자전거,남,8세,상해없음,보행자,여,7세,중상,207114.9802,406507.0844
44,2011100800100422,2011년 10월 8일 17시,토요일,경기도 오산시 원동,경상사고,0,0,1,0,차대사람 - 횡단중,안전운전불이행,포장 - 건조,맑음,교차로 - 교차로부근,승용,여,43세,상해없음,보행자,여,11세,경상,206084.18899999998,405061.0802
45,2011101000100116,2011년 10월 10일 08시,월요일,경기도 오산시 오산동,경상사고,0,0,1,0,차대사람 - 기타,안전운전불이행,포장 - 건조,맑음,단일로 - 기타,화물,남,52세,상해없음,보행자,남,7세,경상,205829.6501,405523.9227
46,2011111800100457,2011년 11월 18일 17시,금요일,경기도 오산시 금암동,중상사고,0,1,2,0,차대차 - 측면직각충돌,신호위반,포장 - 건조,맑음,단일로 - 기타,승용,남,42세,상해없음,승합,남,25세,중상,204667.8671,407862.7257
47,2011112800100341,2011년 11월 28일 15시,월요일,경기도 오산시 원동,중상사고,0,1,0,0,차대사람 - 기타,보행자보호의무위반,포장 - 건조,맑음,단일로 - 횡단보도상,기타불명,기타불명,기타불명,기타불명,보행자,남,11세,중상,206775.4217,405258.7997
48,2011120100100531,2011년 12월 1일 21시,목요일,경기도 오산시 오산동,사망사고,1,0,0,0,차대사람 - 횡단중,안전운전불이행,포장 - 건조,맑음,단일로 - 기타,승용,남,60세,상해없음,보행자,남,7세,사망,205737.943,405461.4149
49,2011121700100332,2011년 12월 17일 13시,토요일,경기도 오산시 수청동,경상사고,0,0,6,0,차대차 - 기타,안전운전불이행,포장 - 건조,맑음,단일로 - 기타,화물,남,29세,상해없음,승용,남,38세,경상,205674.5534,407808.0097
50,2012013000100238,2012년 1월 30일 14시,월요일,경기도 오산시 부산동,중상사고,0,9,10,0,차대차 - 측면직각충돌,신호위반,포장 - 건조,맑음,교차로 - 교차로안,승합,남,47세,상해없음,화물,남,30세,중상,206999.1414,406657.5338
51,2012030200100328,2012년 3월 2일 15시,금요일,경기도 오산시 가수동,경상사고,0,0,2,0,차대차 - 측면직각충돌,안전운전불이행,포장 - 건조,맑음,단일로 - 기타,승용,남,49세,상해없음,승용,남,37세,경상,205436.11,405596.8784
52,2012030900100357,2012년 3월 9일 18시,금요일,경기도 오산시 오산동,중상사고,0,1,0,0,차대차 - 측면직각충돌,안전운전불이행,포장 - 건조,맑음,단일로 - 횡단보도부근,승용,남,28세,상해없음,자전거,남,11세,중상,206769.5363,406565.2874
53,2012030900100452,2012년 3월 9일 20시,금요일,경기도 오산시 원동,중상사고,0,1,0,0,차대사람 - 차도통행중,안전운전불이행,포장 - 건조,맑음,단일로 - 기타,승용,남,50세,상해없음,보행자,남,12세,중상,206614.5244,405417.0149
54,2012032500100149,2012년 3월 25일 10시,일요일,경기도 오산시 수청동,중상사고,0,1,2,0,차대차 - 추돌 - 주정차중,안전거리미확보,포장 - 건조,맑음,단일로 - 기타,승용,남,39세,상해없음,승용,여,45세,중상,205325.2209,408224.3332
55,2012032700100108,2012년 3월 27일 08시,화요일,경기도 오산시 궐동,경상사고,0,0,3,0,차대차 - 측면직각충돌,교차로운행방법위반,포장 - 건조,맑음,교차로 - 교차로안,승용,남,28세,상해없음,승합,남,49세,경상,205264.1873,406518.33700000006
56,2012041100100349,2012년 4월 11일 13시,수요일,경기도 오산시 오산동,경상사고,0,0,1,0,차대사람 - 횡단중,안전운전불이행,포장 - 건조,맑음,단일로 - 기타,승용,남,30세,상해없음,보행자,남,6세,경상,205239.3137,406682.2708
57,2012042400100600,2012년 4월 24일 22시,화요일,경기도 오산시 원동,중상사고,0,1,0,0,차대사람 - 횡단중,안전운전불이행,포장 - 건조,맑음,교차로 - 교차로안,승용,여,21세,상해없음,보행자,남,12세,중상,206500.4797,404087.8869
58,2012042600100272,2012년 4월 26일 10시,목요일,경기도 오산시 오산동,경상사고,0,0,3,0,차대차 - 측면직각충돌,교차로운행방법위반,포장 - 건조,맑음,교차로 - 교차로부근,승용,남,31세,상해없음,승용,여,38세,경상,206538.9379,405522.6587