,사고번호,사고일시,요일,시군구,사고내용,사망자수,중상자수,경상자수,부상신고자수,사고유형,법규위반,노면상태,기상상태,도로형태,가해운전자 차종,가해운전자 성별,가해운전자 연령,가해운전자 상해정도,피해운전자 차종,피해운전자 성별,피해운전자 연령,피해운전자 상해정도,x,y
59,2012043000100505,2012년 4월 30일 18시,월요일,경기도 오산시 오산동,경상사고,0,0,1,0,차대차 - 측면직각충돌,기타,포장 - 건조,맑음,교차로 - 교차로부근,승용,남,46세,상해없음,자전거,남,8세,경상,206929.0397,405532.7177
60,2012050600100315,2012년 5월 6일 15시,일요일,경기도 오산시 외삼미동,중상사고,0,2,5,0,차대차 - 측면직각충돌,안전거리미확보,포장 - 건조,맑음,단일로 - 기타,화물,남,43세,상해없음,승용,남,43세,중상,204131.9787,410077.7743
61,2012051000100349,2012년 5월 10일 15시,목요일,경기도 오산시 금암동,경상사고,0,0,1,0,차대사람 - 횡단중,신호위반,포장 - 건조,맑음,교차로 - 교차로안,승용,여,36세,상해없음,보행자,남,9세,경상,203710.6262,408975.1185
62,2012051600100151,2012년 5월 16일 08시,수요일,경기도 오산시 가수동,경상사고,0,0,1,0,차대사람 - 횡단중,신호위반,포장 - 건조,맑음,단일로 - 횡단보도상,승용,남,39세,상해없음,보행자,남,5세,경상,204424.9796,404976.30700000003
63,2012051600100194,2012년 5월 16일 09시,수요일,경기도 오산시 오산동,경상사고,0,0,3,0,차대차 - 측면직각충돌,신호위반,포장 - 건조,맑음,교차로 - 교차로안,화물,남,67세,상해없음,승용,여,29세,경상,206464.5508,404071.6913
64,2012051600100347,2012년 5월 16일 15시,수요일,경기도 오산시 금암동,경상사고,0,0,1,0,차대사람 - 횡단중,안전운전불이행,포장 - 건조,맑음,단일로 - 기타,승용,남,53세,상해없음,보행자,여,6세,경상,203967.415,408465.2713
65,2012052500100613,2012년 5월 25일 21시,금요일,경기도 오산시 궐동,중상사고,0,1,2,0,차대차 - 추돌 - 주정차중,안전운전불이행,포장 - 건조,맑음,단일로 - 기타,승용,남,30세,상해없음,승용,여,32세,중상,205320.2275,406704.706
66,2012052900100487,2012년 5월 29일 20시,화요일,경기도 오산시 금암동,중상사고,0,2,1,0,차대차 - 정면충돌,중앙선침범,포장 - 건조,맑음,단일로 - 기타,승용,남,53세,상해없음,승용,남,36세,중상,204023.5127,408640.6361
67,2012071500100420,2012년 7월 15일 17시,일요일,경기도 오산시 세교동,경상사고,0,0,2,0,차대차 - 측면직각충돌,교차로운행방법위반,포장 - 건조,맑음,단일로 - 기타,승용,남,40세,상해없음,화물,남,32세,경상,203708.7943,409891.4696
68,2012071600100308,2012년 7월 16일 15시,월요일,경기도 오산시 원동,경상사고,0,0,1,0,차대사람 - 횡단중,안전운전불이행,포장 - 건조,맑음,단일로 - 횡단보도부근,건설기계,남,44세,상해없음,보행자,여,4세,경상,207197.5159,404133.5759
69,2012071700100277,2012년 7월 17일 15시,화요일,경기도 오산시 수청동,중상사고,0,1,0,0,차대사람 - 기타,보행자보호의무위반,포장 - 건조,맑음,단일로 - 횡단보도상,이륜,남,20세,상해없음,보행자,여,8세,중상,206013.3161,407688.7479
70,2012072300100304,2012년 7월 23일 14시,월요일,경기도 오산시 오산동,중상사고,0,1,0,0,차대차 - 측면직각충돌,안전운전불이행,포장 - 건조,맑음,단일로 - 기타,승용,남,68세,상해없음,자전거,남,12세,중상,206961.5636,404486.4735
71,2012073100100583,2012년 7월 31일 23시,화요일,경기도 오산시 오산동,중상사고,0,2,1,0,차대차 - 기타,안전운전불이행,포장 - 습기,비,단일로 - 기타,승용,남,48세,상해없음,승용,남,32세,중상,206456.7808,406305.5364
72,2012080100100245,2012년 8월 1일 13시,수요일,경기도 오산시 원동,중상사고,0,1,0,0,차대사람 - 길가장자리구역통행중,안전운전불이행,포장 - 건조,맑음,단일로 - 기타,승용,남,33세,상해없음,보행자,남,12세,중상,207145.7496,404085.2841
73,2012080100100310,2012년 8월 1일 15시,수요일,경기도 오산시 수청동,중상사고,0,2,1,0,차대차 - 추돌 - 진행중,안전운전불이행,포장 - 건조,맑음,단일로 - 기타,승용,남,38세,상해없음,승용,여,54세,중상,205961.355,407677.4696
74,2012080500100296,2012년 8월 5일 16시,일요일,경기도 오산시 오산동,경상사고,0,0,2,0,차대사람 - 횡단중,보행자보호의무위반,포장 - 건조,맑음,단일로 - 횡단보도상,승용,여,29세,상해없음,보행자,남,7세,경상,206071.9514,405295.1085
75,2012080700100350,2012년 8월 7일 16시,화요일,경기도 오산시 원동,중상사고,0,1,1,0,차대사람 - 보도통행중,안전운전불이행,포장 - 건조,맑음,단일로 - 기타,승용,여,46세,상해없음,보행자,여,33세,중상,206980.8612,405950.1565
76,2012080900100365,2012년 8월 9일 17시,목요일,경기도 오산시 탑동,경상사고,0,0,1,0,차대차 - 측면직각충돌,안전운전불이행,포장 - 건조,맑음,단일로 - 기타,승용,남,51세,상해없음,자전거,여,9세,경상,204584.7769,403697.6442
77,2012081000100428,2012년 8월 10일 17시,금요일,경기도 오산시 원동,중상사고,0,1,0,0,차대사람 - 기타,신호위반,포장 - 건조,맑음,교차로 - 교차로안,승용,남,39세,상해없음,보행자,여,6세,중상,206811.9358,405163.9544
78,2012081000100470,2012년 8월 10일 18시,금요일,경기도 오산시 내삼미동,경상사고,0,0,12,0,차대차 - 측면직각충돌,안전운전불이행,포장 - 건조,맑음,단일로 - 기타,승용,남,40세,상해없음,승합,남,39세,경상,204322.5298,409418.5191
79,2012081900100328,2012년 8월 19일 18시,일요일,경기도 오산시 오산동,중상사고,0,1,0,0,차대차 - 정면충돌,안전운전불이행,포장 - 건조,흐림,단일로 - 횡단보도상,승용,남,49세,상해없음,자전거,남,9세,중상,206997.0458,406675.5299
80,2012082900100101,2012년 8월 29일 08시,수요일,경기도 오산시 원동,부상신고사고,0,0,0,1,차대사람 - 횡단중,안전운전불이행,포장 - 건조,맑음,단일로 - 기타,승용,여,36세,상해없음,보행자,남,7세,부상신고,206442.8809,403817.4763
81,2012083000100581,2012년 8월 30일 23시,목요일,경기도 오산시 원동,경상사고,0,0,4,3,차대차 - 추돌 - 진행중,안전운전불이행,포장 - 건조,맑음,단일로 - 기타,화물,남,58세,상해없음,승합,남,51세,상해없음,207281.395,404922.3312
82,2012090600100521,2012년 9월 6일 18시,목요일,경기도 오산시 오산동,경상사고,0,0,1,0,차대사람 - 횡단중,보행자보호의무위반,포장 - 건조,맑음,교차로 - 교차로안,승용,여,30세,상해없음,보행자,남,6세,경상,206621.2146,405666.149
83,2012092300100372,2012년 9월 23일 16시,일요일,경기도 오산시 오산동,경상사고,0,0,4,0,차대차 - 측면직각충돌,신호위반,포장 - 건조,맑음,교차로 - 교차로안,승용,남,74세,상해없음,승용,남,36세,경상,204043.6612,407665.35799999995
84,2012092400100442,2012년 9월 24일 17시,월요일,경기도 오산시 원동,경상사고,0,0,1,0,차대사람 - 횡단중,안전운전불이행,포장 - 건조,맑음,단일로 - 기타,승용,여,55세,상해없음,보행자,여,5세,경상,206375.5311,405397.7483
85,2012092800100633,2012년 9월 28일 19시,금요일,경기도 오산시 누읍동,중상사고,0,1,0,0,차대사람 - 보도통행중,보행자보호의무위반,포장 - 건조,맑음,단일로 - 횡단보도상,화물,남,46세,상해없음,보행자,남,7세,중상,204238.3497,404702.2159
86,2012101100100477,2012년 10월 11일 17시,목요일,경기도 오산시 금암동,경상사고,0,0,1,0,차대사람 - 횡단중,안전운전불이행,포장 - 건조,맑음,교차로 - 교차로부근,이륜,남,47세,상해없음,보행자,남,8세,경상,203918.5323,408629.0782
87,2012101900100125,2012년 10월 19일 08시,금요일,경기도 오산시 금암동,경상사고,0,0,5,0,차대차 - 정면충돌,신호위반,포장 - 건조,맑음,교차로 - 교차로안,승용,남,31세,경상,승용,여,41세,경상,203770.6891,408588.2828
88,2012102100100497,2012년 10월 21일 21시,일요일,경기도 오산시 오산동,경상사고,0,0,3,0,차대차 - 측면직각충돌,안전운전불이행,포장 - 건조,맑음,단일로 - 기타,화물,남,58세,상해없음,승용,여,37세,경상,205757.2756,405589.5674
89,2012102500100311,2012년 10월 25일 14시,목요일,경기도 오산시 궐동,경상사고,0,0,1,0,차대사람 - 기타,교차로운행방법위반,포장 - 건조,맑음,교차로 - 교차로부근,승용,남,26세,상해없음,보행자,남,9세,경상,205642.1772,406738.4158
90,2012102500100358,2012년 10월 25일 16시,목요일,경기도 오산시 가수동,중상사고,0,1,3,0,차대차 - 추돌 - 주정차중,안전운전불이행,포장 - 건조,맑음,교차로 - 교차로부근,승용,남,64세,상해없음,승용,여,39세,중상,204680.6149,405064.6884
91,2012110800100403,2012년 11월 8일 18시,목요일,경기도 오산시 수청동,부상신고사고,0,0,0,1,차대사람 - 기타,안전운전불이행,포장 - 건조,맑음,단일로 - 기타,화물,남,32세,상해없음,보행자,여,1세,부상신고,205498.6556,407395.9196
92,2012111300100494,2012년 11월 13일 19시,화요일,경기도 오산시 고현동,중상사고,0,1,0,0,차대사람 - 횡단중,보행자보호의무위반,포장 - 건조,흐림,단일로 - 기타,승용,남,43세,상해없음,보행자,남,8세,중상,206952.4747,403743.1303
93,2012120400100240,2012년 12월 4일 11시,화요일,경기도 오산시 갈곶동,중상사고,0,1,3,0,차대차 - 측면직각충돌,신호위반,포장 - 건조,맑음,교차로 - 교차로안,승용,남,26세,상해없음,승용,남,62세,경상,206107.7495,403247.4856
94,2012120400100469,2012년 12월 4일 18시,화요일,경기도 오산시 원동,경상사고,0,0,3,0,차대사람 - 횡단중,신호위반,포장 - 건조,맑음,교차로 - 교차로부근,승용,남,54세,상해없음,보행자,여,42세,경상,206774.7205,405391.8488
95,2012120500100145,2012년 12월 5일 10시,수요일,경기도 오산시 수청동,경상사고,0,0,1,1,차대차 - 측면직각충돌,안전운전불이행,포장 - 적설,눈,교차로 - 교차로부근,승용,여,29세,상해없음,승합,여,63세,상해없음,205233.0325,407873.7087
96,2012121000100351,2012년 12월 10일 17시,월요일,경기도 오산시 누읍동,경상사고,0,0,3,0,차대차 - 측면직각충돌,직진우회전진행방해,포장 - 건조,맑음,교차로 - 교차로안,승용,남,44세,경상,승용,여,43세,경상,201037.4282,410141.4819
97,2012121100100382,2012년 12월 11일 17시,화요일,경기도 오산시 금암동,경상사고,0,0,1,0,차량단독 - 공작물충돌,안전운전불이행,포장 - 결빙,맑음,단일로 - 터널,승용,여,29세,상해없음,,,,,203713.0779,407561.5749
98,2012121300100526,2012년 12월 13일 21시,목요일,경기도 오산시 부산동,경상사고,0,0,4,0,차대차 - 추돌 - 주정차중,안전운전불이행,포장 - 건조,맑음,교차로 - 교차로부근,화물,남,28세,상해없음,승용,남,42세,경상,207616.3697,406660.7874
99,2012122300100135,2012년 12월 23일 09시,일요일,경기도 오산시 오산동,중상사고,0,1,5,2,차대차 - 추돌 - 진행중,안전운전불이행,포장 - 건조,맑음,교차로 - 교차로안,승용,남,60세,상해없음,승합,남,46세,경상,206106.0171,404335.9078
100,2013011700100336,2013년 1월 17일 17시,목요일,경기도 오산시 원동,경상사고,0,0,1,0,차대사람 - 횡단중,안전운전불이행,포장 - 건조,맑음,교차로 - 교차로안,기타불명,기타불명,기타불명,기타불명,보행자,남,8세,경상,206224.1603,405266.8991
101,2013011800100617,2013년 1월 18일 23시,금요일,경기도 오산시 내삼미동,중상사고,0,3,2,0,차대차 - 측면직각충돌,중앙선침범,포장 - 습기,맑음,단일로 - 기타,승용,남,31세,상해없음,승용,남,66세,중상,205300.3892,408380.26399999997
102,2013012000100338,2013년 1월 20일 19시,일요일,경기도 오산시 외삼미동,경상사고,0,0,3,0,차대차 - 추돌 - 주정차중,안전운전불이행,포장 - 건조,맑음,단일로 - 기타,화물,남,46세,상해없음,승용,남,36세,경상,205586.766,410037.4293
103,2013012400100161,2013년 1월 24일 08시,목요일,경기도 오산시 원동,중상사고,0,2,1,0,차대차 - 기타,신호위반,포장 - 건조,맑음,교차로 - 교차로안,승용,남,69세,상해없음,승용,남,40세,상해없음,206953.9517,404222.3284
104,2013020900100297,2013년 2월 9일 18시,토요일,경기도 오산시 내삼미동,중상사고,0,1,5,0,차대차 - 추돌 - 진행중,신호위반,포장 - 건조,맑음,교차로 - 교차로안,승합,남,62세,상해없음,승용,남,36세,경상,203640.3705,408828.6905
105,2013021600100253,2013년 2월 16일 13시,토요일,경기도 오산시 원동,경상사고,0,0,4,0,차대차 - 측면직각충돌,교차로운행방법위반,포장 - 건조,맑음,교차로 - 교차로안,승용,남,53세,상해없음,승용,여,38세,경상,206933.3656,404142.1882
106,2013022300100190,2013년 2월 23일 09시,토요일,경기도 오산시 원동,중상사고,0,2,2,0,차대차 - 정면충돌,신호위반,포장 - 건조,맑음,교차로 - 교차로안,승용,남,57세,상해없음,승용,남,32세,중상,206522.121,404727.2545
107,2013022300100307,2013년 2월 23일 13시,토요일,경기도 오산시 원동,중상사고,0,2,1,0,차대차 - 측면직각충돌,안전운전불이행,포장 - 건조,맑음,단일로 - 기타,화물,남,61세,상해없음,승용,여,40세,중상,206543.0549,404741.3704
108,2013022800100258,2013년 2월 28일 13시,목요일,경기도 오산시 원동,경상사고,0,0,3,0,차대차 - 기타,신호위반,포장 - 건조,맑음,교차로 - 교차로안,승합,남,59세,상해없음,승용,여,39세,경상,206134.5091,403864.8712
109,2013030900100298,2013년 3월 9일 13시,토요일,경기도 오산시 원동,경상사고,0,0,3,3,차대차 - 추돌 - 주정차중,안전운전불이행,포장 - 건조,맑음,단일로 - 기타,승용,남,56세,상해없음,승용,남,63세,경상,206526.451,405234.4786
110,2013032200100377,2013년 3월 22일 17시,금요일,경기도 오산시 오산동,부상신고사고,0,0,0,1,차대사람 - 기타,안전운전불이행,포장 - 건조,맑음,단일로 - 기타,기타불명,기타불명,기타불명,기타불명,보행자,여,12세,부상신고,205832.2927,405591.9636
111,2013032400100206,2013년 3월 24일 13시,일요일,경기도 오산시 오산동,경상사고,0,0,1,0,차대사람 - 기타,안전운전불이행,포장 - 건조,맑음,단일로 - 기타,승용,남,36세,상해없음,보행자,남,3세,경상,206275.5927,403859.6121
112,2013041100100435,2013년 4월 11일 19시,목요일,경기도 오산시 궐동,경상사고,0,0,1,0,차대사람 - 기타,안전운전불이행,포장 - 건조,맑음,단일로 - 기타,승용,남,40세,상해없음,보행자,여,8세,경상,205932.9642,406610.8975
113,2013041200100374,2013년 4월 12일 16시,금요일,경기도 오산시 원동,중상사고,0,1,0,0,차대사람 - 기타,안전운전불이행,포장 - 건조,맑음,단일로 - 기타,승용,여,39세,상해없음,보행자,여,8세,중상,207777.9634,404851.9187
114,2013041700100412,2013년 4월 17일 18시,수요일,경기도 오산시 누읍동,경상사고,0,0,1,0,차대사람 - 기타,신호위반,포장 - 건조,맑음,단일로 - 횡단보도상,승용,남,30세,상해없음,보행자,남,12세,경상,204260.9944,404771.3624
115,2013042700100474,2013년 4월 27일 18시,토요일,경기도 오산시 원동,경상사고,0,0,2,0,차대차 - 기타,안전운전불이행,포장 - 건조,맑음,단일로 - 기타,승용,남,39세,상해없음,승용,남,33세,상해없음,206477.4206,404666.9952
116,2013050700100336,2013년 5월 7일 16시,화요일,경기도 오산시 오산동,경상사고,0,0,2,0,차대차 - 추돌 - 주정차중,안전운전불이행,포장 - 건조,맑음,단일로 - 기타,승용,남,65세,상해없음,승용,여,28세,상해없음,206730.6581,405969.8462
117,2013051400100105,2013년 5월 14일 07시,화요일,경기도 오산시 원동,경상사고,0,0,2,0,차대차 - 측면직각충돌,신호위반,포장 - 건조,맑음,교차로 - 교차로안,승합,남,68세,상해없음,승용,여,37세,경상,206476.181,404142.7807
118,2013051700100560,2013년 5월 17일 20시,금요일,경기도 오산시 원동,중상사고,0,1,0,0,차대사람 - 횡단중,신호위반,포장 - 건조,맑음,교차로 - 교차로안,원동기,남,17세,상해없음,보행자,남,5세,중상,206501.6203,404441.033
119,2013052900100291,2013년 5월 29일 14시,수요일,경기도 오산시 궐동,중상사고,0,1,0,0,차대사람 - 기타,안전운전불이행,포장 - 건조,맑음,단일로 - 기타,승용,남,55세,상해없음,보행자,남,5세,중상,204968.0754,406896.9264
120,2013060500100249,2013년 6월 5일 12시,수요일,경기도 오산시 궐동,중상사고,0,1,0,0,차대사람 - 기타,안전운전불이행,포장 - 건조,맑음,단일로 - 기타,승용,남,31세,상해없음,보행자,남,5세,중상,205367.647,406438.8507
121,2013061500100370,2013년 6월 15일 14시,토요일,경기도 오산시 서동,경상사고,0,0,1,0,차대차 - 정면충돌,안전운전불이행,포장 - 건조,맑음,단일로 - 기타,이륜,남,17세,상해없음,자전거,여,7세,경상,203867.5488,405016.3866
122,2013061500100614,2013년 6월 15일 21시,토요일,경기도 오산시 오산동,경상사고,0,0,4,1,차대차 - 측면직각충돌,안전운전불이행,포장 - 건조,맑음,단일로 - 기타,건설기계,남,41세,상해없음,승합,남,60세,경상,206821.6548,405977.3285
123,2013061600100507,2013년 6월 16일 21시,일요일,경기도 오산시 금암동,중상사고,0,1,0,0,차대사람 - 기타,보행자보호의무위반,포장 - 건조,맑음,단일로 - 횡단보도상,승용,여,42세,상해없음,보행자,여,6세,중상,204050.4224,408659.7855
124,2013062800100579,2013년 6월 28일 21시,금요일,경기도 오산시 궐동,경상사고,0,0,5,0,차대차 - 기타,신호위반,포장 - 건조,맑음,교차로 - 교차로안,승용,남,61세,상해없음,승용,여,43세,경상,205718.8243,407000.9236
125,2013070500100555,2013년 7월 5일 21시,금요일,경기도 오산시 누읍동,경상사고,0,0,1,0,차대사람 - 횡단중,안전운전불이행,포장 - 건조,맑음,기타 - 기타,화물,남,49세,상해없음,보행자,여,1세,경상,204246.5506,405044.394
126,2013070600100426,2013년 7월 6일 18시,토요일,경기도 오산시 궐동,부상신고사고,0,0,0,1,차대사람 - 기타,안전운전불이행,포장 - 건조,맑음,단일로 - 기타,승용,여,42세,상해없음,보행자,여,6세,부상신고,205224.8445,406770.2293
127,2013071000100356,2013년 7월 10일 17시,수요일,경기도 오산시 내삼미동,중상사고,0,1,1,0,차대차 - 기타,신호위반,포장 - 건조,맑음,교차로 - 교차로안,승용,여,33세,상해없음,승용,여,38세,중상,204708.7375,408649.2516
128,2013071800100387,2013년 7월 18일 17시,목요일,경기도 오산시 수청동,중상사고,0,1,0,0,차대사람 - 횡단중,신호위반,포장 - 건조,맑음,교차로 - 교차로부근,승용,남,49세,상해없음,보행자,여,5세,중상,205914.9001,407191.0321
129,2013072900100308,2013년 7월 29일 16시,월요일,경기도 오산시 부산동,경상사고,0,0,3,1,차대차 - 추돌 - 주정차중,안전거리미확보,포장 - 건조,맑음,단일로 - 기타,승용,남,30세,상해없음,승용,남,53세,상해없음,209638.593,402214.6637
130,2013080500100178,2013년 8월 5일 11시,월요일,경기도 오산시 원동,중상사고,0,1,2,2,차대차 - 추돌 - 진행중,안전운전불이행,포장 - 건조,맑음,단일로 - 기타,승용,남,32세,상해없음,승용,남,45세,상해없음,210151.5024,401321.0058
131,2013080500100424,2013년 8월 5일 18시,월요일,경기도 오산시 고현동,중상사고,0,1,0,0,차대차 - 기타,신호위반,포장 - 건조,맑음,단일로 - 횡단보도상,승용,남,52세,상해없음,자전거,여,8세,중상,207852.9404,403532.7884
132,2013080800100146,2013년 8월 8일 09시,목요일,경기도 오산시 누읍동,중상사고,0,1,1,0,차대차 - 측면직각충돌,신호위반,포장 - 건조,맑음,교차로 - 교차로안,화물,남,34세,상해없음,승용,여,35세,중상,204690.27300000002,404750.6153
133,2013081300100103,2013년 8월 13일 08시,화요일,경기도 오산시 고현동,경상사고,0,0,2,0,차대차 - 기타,신호위반,포장 - 건조,맑음,교차로 - 교차로안,승용,남,46세,상해없음,승용,여,32세,경상,207583.6659,403754.4587
134,2013083000100300,2013년 8월 30일 14시,금요일,경기도 오산시 오산동,부상신고사고,0,0,0,1,차대사람 - 길가장자리구역통행중,안전운전불이행,포장 - 건조,맑음,교차로 - 교차로안,기타불명,기타불명,기타불명,기타불명,보행자,여,9세,부상신고,205828.8079,405493.9064
135,2013090700100164,2013년 9월 7일 09시,토요일,경기도 오산시 탑동,중상사고,0,1,0,0,차대사람 - 횡단중,안전운전불이행,포장 - 건조,맑음,단일로 - 기타,승용,남,52세,상해없음,보행자,여,12세,중상,204258.8514,404798.3618
136,2013091500100336,2013년 9월 15일 16시,일요일,경기도 오산시 수청동,중상사고,0,2,2,0,차대차 - 추돌 - 진행중,안전운전불이행,포장 - 건조,맑음,교차로 - 교차로부근,승용,남,52세,상해없음,승용,남,42세,중상,205398.7982,407930.6049
137,2013092000100139,2013년 9월 20일 12시,금요일,경기도 오산시 오산동,경상사고,0,0,2,0,차대사람 - 횡단중,보행자보호의무위반,포장 - 건조,맑음,단일로 - 횡단보도상,승용,여,56세,상해없음,보행자,남,6세,경상,206083.6791,405727.3415
138,2013100500100253,2013년 10월 5일 11시,토요일,경기도 오산시 금암동,경상사고,0,0,1,0,차대차 - 기타,신호위반,포장 - 건조,맑음,교차로 - 교차로부근,승용,여,40세,상해없음,자전거,남,5세,경상,206542.4543,405614.7137
139,2013101300100452,2013년 10월 13일 21시,일요일,경기도 오산시 오산동,중상사고,0,1,2,1,차대차 - 측면직각충돌,교차로운행방법위반,포장 - 건조,맑음,교차로 - 교차로안,승용,여,52세,부상신고,승합,남,56세,상해없음,206067.1801,406200.4421
140,2013111600100193,2013년 11월 16일 10시,토요일,경기도 오산시 내삼미동,경상사고,0,0,4,0,차대차 - 기타,교차로운행방법위반,포장 - 건조,맑음,교차로 - 교차로안,승용,남,34세,상해없음,승용,여,37세,경상,205208.2815,408393.7839
141,2013112000100114,2013년 11월 20일 08시,수요일,경기도 오산시 오산동,중상사고,0,1,0,0,차대사람 - 기타,안전운전불이행,포장 - 건조,맑음,단일로 - 기타,승용,남,49세,상해없음,보행자,여,12세,중상,206921.1683,406266.9678
142,2013112000100334,2013년 11월 20일 16시,수요일,경기도 오산시 가수동,경상사고,0,0,1,0,차대사람 - 기타,안전운전불이행,포장 - 건조,맑음,교차로 - 교차로안,승용,여,33세,상해없음,보행자,남,8세,경상,204514.8374,405199.8685
143,2013120500100571,2013년 12월 5일 23시,목요일,경기도 오산시 내삼미동,중상사고,0,1,4,0,차대차 - 기타,교차로운행방법위반,포장 - 건조,흐림,교차로 - 교차로안,승용,남,31세,경상,승용,남,51세,경상,204781.3443,408539.591
144,2013121300100280,2013년 12월 13일 15시,금요일,경기도 오산시 궐동,경상사고,0,0,1,0,차대사람 - 기타,안전운전불이행,포장 - 결빙,흐림,단일로 - 기타,승용,남,65세,상해없음,보행자,여,7세,경상,205100.579,406621.5158
145,2013121400100231,2013년 12월 14일 11시,토요일,경기도 오산시 오산동,중상사고,0,1,0,0,차대사람 - 횡단중,보행자보호의무위반,포장 - 건조,맑음,단일로 - 횡단보도상,승용,남,51세,상해없음,보행자,남,9세,중상,206625.4256,405816.2308
146,2013121900100364,2013년 12월 19일 16시,목요일,경기도 오산시 원동,경상사고,0,0,1,0,차대사람 - 기타,보행자보호의무위반,포장 - 습기,흐림,교차로 - 교차로부근,승용,남,46세,상해없음,보행자,남,7세,경상,206734.3038,405657.7415
147,2013122200100173,2013년 12월 22일 11시,일요일,경기도 오산시 수청동,중상사고,0,2,1,0,차대차 - 정면충돌,안전운전불이행,포장 - 건조,맑음,단일로 - 기타,승용,남,31세,상해없음,승용,남,38세,경상,205456.6751,407009.5456
148,2013122300100177,2013년 12월 23일 10시,월요일,경기도 오산시 부산동,경상사고,0,0,6,1,차대차 - 기타,안전거리미확보,포장 - 건조,맑음,단일로 - 기타,승용,남,39세,경상,승용,여,42세,경상,207405.4603,406627.6629
0,2008011200100399,2008년 1월 12일 18시,토요일,경기도 오산시 오산동,경상사고,0,0,1,0,차대사람 - 기타,안전운전불이행,포장 - 건조,맑음,단일로 - 횡단보도상,승용,남,33세,상해없음,보행자,남,12세,경상,206454.6799,406324.5329
1,2008011400100005,2008년 1월 14일 00시,월요일,경기도 오산시 갈곶동,중상사고,0,4,0,0,차대차 - 측면직각충돌,신호위반,포장 - 건조,맑음,단일로 - 기타,승용,여,22세,상해없음,승용,남,46세,중상,248235.2277,419210.3585
2,2008011400100144,2008년 1월 14일 12시,월요일,경기도 오산시 원동,중상사고,0,1,0,0,차대사람 - 횡단중,안전운전불이행,포장 - 건조,맑음,단일로 - 기타,승용,남,34세,상해없음,보행자,남,7세,중상,205395.6708,406056.8473
3,2008011900100264,2008년 1월 19일 15시,토요일,경기도 오산시 오산동,경상사고,0,0,1,0,차대사람 - 기타,안전운전불이행,포장 - 건조,맑음,단일로 - 기타,승용,기타불명,기타불명,기타불명,보행자,여,9세,경상,205831.2607,405597.9605
4,2008012200100222,2008년 1월 22일 12시,화요일,경기도 오산시 원동,중상사고,0,3,13,0,차대차 - 추돌 - 주정차중,안전운전불이행,포장 - 습기,눈,단일로 - 기타,승합,남,33세,상해없음,승합,남,34세,경상,206091.3655,405028.1049
5,2008020400100295,2008년 2월 4일 16시,월요일,경기도 오산시 오산동,중상사고,0,1,1,0,차대사람 - 횡단중,보행자보호의무위반,포장 - 건조,맑음,단일로 - 횡단보도상,이륜,남,55세,상해없음,보행자,여,46세,중상,204695.1421,405725.0256
6,2008022200100516,2008년 2월 22일 22시,금요일,경기도 오산시 세교동,중상사고,0,2,2,0,차대차 - 추돌 - 진행중,안전운전불이행,포장 - 건조,맑음,단일로 - 기타,승용,남,27세,상해없음,승용,남,40세,중상,203825.234,410575.3529
7,2008022600100064,2008년 2월 26일 01시,화요일,경기도 오산시 은계동,경상사고,0,0,4,0,차대차 - 추돌 - 주정차중,안전운전불이행,포장 - 결빙,눈,단일로 - 기타,승용,남,43세,상해없음,승용,남,42세,경상,206030.4208,407859.9059
8,2008022700100235,2008년 2월 27일 14시,수요일,경기도 오산시 갈곶동,경상사고,0,0,2,0,차대차 - 측면직각충돌,신호위반,포장 - 건조,맑음,단일로 - 기타,승용,남,23세,상해없음,승용,여,24세,경상,206539.27399999998,405648.7105